sgRNA,offtarget,label
AAATGAGAAGAAGAGGCACAGGG,AAAAGAGAAGCTGAGGCACAGGG,1.0
AAATGAGAAGAAGAGGCACAGGG,AAACGAGAAGAAGAGGCATAGGG,1.0
AAATGAGAAGAAGAGGCACAGGG,AAACGAGAAGAAGCTGCACATGG,1.0
AAATGAGAAGAAGAGGCACAGGG,AAAGGAGAAGGAGAGGCAGATGG,1.0
AAATGAGAAGAAGAGGCACAGGG,AAATCATATGAAGAGGCACAAGG,1.0
AAATGAGAAGAAGAGGCACAGGG,AAATGAGAAAAATAGGCAGAGGG,1.0
AAATGAGAAGAAGAGGCACAGGG,AAATGAGAACAAGAGGCAGAGGG,1.0
AAATGAGAAGAAGAGGCACAGGG,AAATGAGAAGATCAGTCACAAGG,1.0
AAATGAGAAGAAGAGGCACAGGG,AAATGAGAAGGAGTGGCAGATGG,1.0
AAATGAGAAGAAGAGGCACAGGG,AAATGAGAAGTTGAGGCTCATGG,1.0
AAATGAGAAGAAGAGGCACAGGG,AAATGAGAATAAGAGGAACAGGG,1.0
AAATGAGAAGAAGAGGCACAGGG,AAATGAGGACAAGAGGCAGAGGG,1.0
AAATGAGAAGAAGAGGCACAGGG,AAATGTGAAGAAAAGGCACAGGG,1.0
AACACCAGTGAGTAGAGCGGAGG,AAAACCAGTGAGCAGAGTGGAGG,1.0
AACACCAGTGAGTAGAGCGGAGG,AAAAGCAGAGAGTAGAGCGGTGG,1.0
AACACCAGTGAGTAGAGCGGAGG,AACACCAGCGAGTAGAGCGGAGG,1.0
AACACCAGTGAGTAGAGCGGAGG,AACACCAGTGAGAAGAGCTGTGG,1.0
AACACCAGTGAGTAGAGCGGAGG,AACTCCAGTGAGGAGAGGGGTGG,1.0
AACACCAGTGAGTAGAGCGGAGG,TACTCCAGTGAGTAGAGAGGCGG,1.0
AATGACCACTACATCCTCAAGGG,AAGAAGCACTACATCCTCAATGG,1.0
AATGACCACTACATCCTCAAGGG,AATGACCACAGCATCCTCAGTGG,1.0
AATGACCACTACATCCTCAAGGG,AATGACCACTACACCCAGAAAGG,1.0
AATGACCACTACATCCTCAAGGG,AATGACCACTACATTCTCTTGGG,1.0
AATGACCACTACATCCTCAAGGG,ATTAACCACTACATTCTCAAAGG,1.0
ATGAACACCAGTGAGTAGAGCGG,AAGAACACAAGAGAGTAGAGAGG,1.0
ATGAACACCAGTGAGTAGAGCGG,AAGAACAGCAGTGAATAGAGAGG,1.0
ATGAACACCAGTGAGTAGAGCGG,AAGGACACCAGTGAGGAGAGTGG,1.0
ATGAACACCAGTGAGTAGAGCGG,AGAAACACTAGTGAGTAGAGGGG,1.0
ATGAACACCAGTGAGTAGAGCGG,AGGAAAACCAGTGAGAAGAGTGG,1.0
ATGAACACCAGTGAGTAGAGCGG,AGGAACACCAGTGGGAAGAGAGG,1.0
ATGAACACCAGTGAGTAGAGCGG,ATGAACACCAGCGAGTAGAGCGG,1.0
ATGAACACCAGTGAGTAGAGCGG,ATGAACACCAGTGAATAAAATGG,1.0
ATGAACACCAGTGAGTAGAGCGG,ATGAACACCAGTGAATACATAGG,1.0
ATGAACACCAGTGAGTAGAGCGG,ATGAACCCTAGTGAGAAGAGAGG,1.0
ATGAACACCAGTGAGTAGAGCGG,ATGAACTCCAGGGAGAAGAGAGG,1.0
ATGAACACCAGTGAGTAGAGCGG,ATGAACTCCTGTGAGTAGAGAGG,1.0
CCAGTGAGTAGAGCGGAGGCAGG,ACAGTGAGTAGAGTGGAGTCCGG,1.0
CCAGTGAGTAGAGCGGAGGCAGG,CCACTGAGCAGAGAGGAGGCTGG,1.0
CCAGTGAGTAGAGCGGAGGCAGG,CCACTGAGTAGAGGGGTGGCGGG,1.0
CCAGTGAGTAGAGCGGAGGCAGG,CCAGCGAGTAGAGCGGAGGCAGG,1.0
CCAGTGAGTAGAGCGGAGGCAGG,CCAGTGAGCAGAGAGGAAGCTGG,1.0
CCAGTGAGTAGAGCGGAGGCAGG,CCAGTGAGGAGAGAGGAGCCAGG,1.0
CCAGTGAGTAGAGCGGAGGCAGG,CCAGTGAGGAGAGCGGAGACTGG,1.0
CCAGTGAGTAGAGCGGAGGCAGG,CCAGTGAGTAGGGCTGGGGCAGG,1.0
CCAGTGAGTAGAGCGGAGGCAGG,CCAGTGAGTGGAGAGGAGACAGG,1.0
CCAGTGAGTAGAGCGGAGGCAGG,CCGGTGGGGAGAGCGGAGGCGGG,1.0
CCAGTGAGTAGAGCGGAGGCAGG,GCAGAGAGTAGAGCGGTGGCTGG,1.0
CCCTGTGTCTCTGGATGGATGGG,CCCTGTGTCTCTGGGTGGAAGAG,1.0
CCTGCCTCCGCTCTACTCACTGG,CCAGTCTCCGCTCTCCTCACTGG,1.0
CCTGCCTCCGCTCTACTCACTGG,CCTGCCACAGCTCTACTCGCAGG,1.0
CCTGCCTCCGCTCTACTCACTGG,CCTGCCCTCACTCTACTCACAGG,1.0
CCTGCCTCCGCTCTACTCACTGG,CCTGCCTCCGCGCTGCTCTCGGG,1.0
CCTGCCTCCGCTCTACTCACTGG,CCTGCCTCCGCTCTACTCGCTGG,1.0
CCTGCCTCCGCTCTACTCACTGG,CCTGCCTCCTCACTCCTCACAGG,1.0
CCTGCCTCCGCTCTACTCACTGG,CCTGCCTCCTCTCTATTCTCCGG,1.0
CCTGCCTCCGCTCTACTCACTGG,CCTGCCTCCTGTCTACTCTCAGG,1.0
CCTGCCTCCGCTCTACTCACTGG,CCTGCCTCTGCTCTCCTCCCAGG,1.0
CCTGCCTCCGCTCTACTCACTGG,CCTGGCTCCTCTCTCCTCACTGG,1.0
CCTGCCTCCGCTCTACTCACTGG,CCTGTCTCCTCTCCACTCACTGG,1.0
CTTGCCCCACAGGGCAGTAACGG,ATTGCCCCACGGGGCAGTGACGG,1.0
CTTGCCCCACAGGGCAGTAACGG,GCTGCCCCACAGGGCAGCAAAGG,1.0
CTTGCCCCACAGGGCAGTAACGG,GTGGCCCCACAGGGCAGGAATGG,1.0
CTTGCCCCACAGGGCAGTAACGG,TCAGCCCCACAGGGCAGTAAGGG,1.0
GAACACAAAGCATAGACTGCGGG,AAGAACAAAACATAGACTGCAGG,1.0
GAATCCTAAAAACTCTGCTTCGG,AAATCCTAAAGACTTTGCTTGGG,1.0
GAATCCTAAAAACTCTGCTTCGG,GAAACCTAAAAACACTACTTGGG,1.0
GAATCCTAAAAACTCTGCTTCGG,GAACCCTCAAAACTCTGTTTGGG,1.0
GAATCCTAAAAACTCTGCTTCGG,GAATCCCCAAAACTCTTCTTTGG,1.0
GAATCCTAAAAACTCTGCTTCGG,GAATCCTAAAATTTCTGCTTTGG,1.0
GAATCCTAAAAACTCTGCTTCGG,GAATCCTAAATACTCTCCTTCGG,1.0
GAATCCTAAAAACTCTGCTTCGG,GAATCCTCAATATTCTGCTTAGG,1.0
GAATCCTAAAAACTCTGCTTCGG,GAATCCTGAAAACCCTGCTTCGG,1.0
GAATCCTAAAAACTCTGCTTCGG,GAATTCTAAAAAGGCTGCTTTGG,1.0
GAATCCTAAAAACTCTGCTTCGG,GATTCCTAAAACTTCTGCTTGGG,1.0
GAATCCTAAAAACTCTGCTTCGG,GATTTATAAAAACTCTGCTTAGG,1.0
GAATCCTAAAAACTCTGCTTCGG,GCATCTTAAACACTCTGCTTGGG,1.0
GAATCCTAAAAACTCTGCTTCGG,TAATCCTAAAAGCTCTGTTTTGG,1.0
GACACCGAAGCAGAGTTTTTAGG,CACACCGAAGCTGGGTTTTTAGG,1.0
GACACCGAAGCAGAGTTTTTAGG,GAAACAGAAGCAGAGTGTTTAGG,1.0
GACACCGAAGCAGAGTTTTTAGG,GACAACAAAGTAGAGTTTTTAGG,1.0
GACACCGAAGCAGAGTTTTTAGG,GACAATAAAGCAGAGTTTTTTGG,1.0
GACACCGAAGCAGAGTTTTTAGG,GACACCGAAGCAGGGTTTTCAGG,1.0
GACACCGAAGCAGAGTTTTTAGG,GACACTGAAGCAGTGATTTTAGG,1.0
GACACCGAAGCAGAGTTTTTAGG,GAGACAGAAGGAGAGTTTTTAGG,1.0
GACACCGAAGCAGAGTTTTTAGG,GATACTGAAGCAGAGATTTTGGG,1.0
GACACCGAAGCAGAGTTTTTAGG,GTCAACGAAGCAGAGTTGTTGGG,1.0
GACATCGATGTCCTCCCCATTGG,CACATAGGTGTCCTCCCCATAGG,1.0
GACATCGATGTCCTCCCCATTGG,GAAATCAAGGTCCTCCCCATAGG,1.0
GACATCGATGTCCTCCCCATTGG,GACACCGATGTCATCTCCATCAG,1.0
GACATCGATGTCCTCCCCATTGG,GACATCGATAGCCTCCCCACTGG,1.0
GACATCGATGTCCTCCCCATTGG,GACATGAATGACCTCCCCATCAG,1.0
GACCCCCTCCACCCCGCCTCCGG,CTCCCCACCCACCCCGCCTCAGG,1.0
GAGTCCGAGCAGAAGAAGAAGGG,AAGTCAGAGGAGAAGAAGAAGGG,1.0
GAGTCCGAGCAGAAGAAGAAGGG,AAGTCCGAGAAGAAGCAGAAAAG,1.0
GAGTCCGAGCAGAAGAAGAAGGG,AAGTCCGAGGAGAGGAAGAAAGG,1.0
GAGTCCGAGCAGAAGAAGAAGGG,AAGTCTGAGCAGAAGAAGCACAG,1.0
GAGTCCGAGCAGAAGAAGAAGGG,ACGTCTGAGCAGAAGAAGAATGG,1.0
GAGTCCGAGCAGAAGAAGAAGGG,GAATCCAAGCAGAAGAAGAGAAG,1.0
GAGTCCGAGCAGAAGAAGAAGGG,GACTCCTAGCAAAAGAAGAATGG,1.0
GAGTCCGAGCAGAAGAAGAAGGG,GAGAGCAAGCAGAAGAAGAAAAG,1.0
GAGTCCGAGCAGAAGAAGAAGGG,GAGCCTGAGCAGAAGGAGAAGGG,1.0
GAGTCCGAGCAGAAGAAGAAGGG,GAGGCCCAGCAGAGGAAGAAGAG,1.0
GAGTCCGAGCAGAAGAAGAAGGG,GAGGCCGAGCAGAAGAAAGACGG,1.0
GAGTCCGAGCAGAAGAAGAAGGG,GAGTAAGAGAAGAAGAAGAAGGG,1.0
GAGTCCGAGCAGAAGAAGAAGGG,GAGTACTAGAAGAAGAAGAAAAG,1.0
GAGTCCGAGCAGAAGAAGAAGGG,GAGTAGGAGGAGAAGAAGAAAGG,1.0
GAGTCCGAGCAGAAGAAGAAGGG,GAGTCAGAACAGAAGAACAACAG,1.0
GAGTCCGAGCAGAAGAAGAAGGG,GAGTCAGACCAGGAGAAGAAGAG,1.0
GAGTCCGAGCAGAAGAAGAAGGG,GAGTCAGAGCAGAACTAGAAGGG,1.0
GAGTCCGAGCAGAAGAAGAAGGG,GAGTCCAAGAAGAATAAGAATAG,1.0
GAGTCCGAGCAGAAGAAGAAGGG,GAGTCCAAGCAGAGGAAGGATAG,1.0
GAGTCCGAGCAGAAGAAGAAGGG,GAGTCCAAGCAGTAGAGGAAGGG,1.0
GAGTCCGAGCAGAAGAAGAAGGG,GAGTCCCAGAAGAAGAAAAAAAG,1.0
GAGTCCGAGCAGAAGAAGAAGGG,GAGTCCCAGCAAAAGAAGAAAAG,1.0
GAGTCCGAGCAGAAGAAGAAGGG,GAGTCCCAGCAGAGGAAGCAGAG,1.0
GAGTCCGAGCAGAAGAAGAAGGG,GAGTCCCAGGAGAAGAAAAACAG,1.0
GAGTCCGAGCAGAAGAAGAAGGG,GAGTCCCAGGAGAAGAAGAGAGG,1.0
GAGTCCGAGCAGAAGAAGAAGGG,GAGTCCGAGAAAATGAAGAAGAG,1.0
GAGTCCGAGCAGAAGAAGAAGGG,GAGTCCTAGCAGGAGAAGAAGAG,1.0
GAGTCCGAGCAGAAGAAGAAGGG,GAGTCTAAGCAGAAGAAGAAGAG,1.0
GAGTCCGAGCAGAAGAAGAAGGG,GAGTCTGAACGGAAGAAGAAAAG,1.0
GAGTCCGAGCAGAAGAAGAAGGG,GAGTCTGGGCAGGAGAAGAAGAG,1.0
GAGTCCGAGCAGAAGAAGAAGGG,GAGTTCCAGAAGAAGAAGAAGAG,1.0
GAGTCCGAGCAGAAGAAGAAGGG,GAGTTTGAGTAGAAGAAGAAGAG,1.0
GAGTCCGAGCAGAAGAAGAAGGG,GATTCCTACCAGAAGAAGAATGG,1.0
GCCTCCCCAAAGCCTGGCCAGGG,ACCAACCCAGAGCCTGGCCAGGG,1.0
GCCTCCCCAAAGCCTGGCCAGGG,ACCTCCCCATAGCCTGGCCAGGG,1.0
GCCTCCCCAAAGCCTGGCCAGGG,GACCCCTCAAAGCCTGGCCAGAG,1.0
GCCTCCCCAAAGCCTGGCCAGGG,GCCTGCCGAAGGCCTGGCCAGGG,1.0
GCCTCCCCAAAGCCTGGCCAGGG,GCGTGCCCAGAGCCTGGCCACAG,1.0
GCCTCCCCAAAGCCTGGCCAGGG,GCTGCCCGAGAGCCTGGCCATGG,1.0
GCCTCCCCAAAGCCTGGCCAGGG,GGCCGCCCAGAGCCTGGCCAGAG,1.0
GCCTCCCCAAAGCCTGGCCAGGG,TCCTCCCCACAGCCTGGCCAGGG,1.0
GCCTCCCCAAAGCCTGGCCAGGG,TCCTTCCCAAAGCCTGGCCAGGG,1.0
GCCTCCCCAAAGCCTGGCCAGGG,TTCTCCCCAAAGCCTGGCCACAG,1.0
GCCTCCCCAAAGCCTGGCCAGGG,TTCTCTCCAAAGCCTGGCCAGAG,1.0
GCGCCACCGGTTGATGTGATGGG,GGGCCATGGGTTGATGTGATGAG,1.0
GGAATCCCTTCTGCAGCACCTGG,GGAACACCTTCTGCAGCTCCAGG,1.0
GGCACTGCGGCTGGAGGTGGGGG,GGAACTGGGGCTGGGGGTGGGGG,1.0
GGCCAGGCTTTGGGGAGGCCTGG,AGACAGGCTCTGGGGAGGCCTGG,1.0
GGCCAGGCTTTGGGGAGGCCTGG,AGGTGGGCTTTGGGGAGGCCGGG,1.0
GGCCAGGCTTTGGGGAGGCCTGG,CGCCAGGCTCAGGGGAGGCCCGG,1.0
GGCCAGGCTTTGGGGAGGCCTGG,GGCCTGGCTTTGGGCAGGCCCAG,1.0
GGCCAGGCTTTGGGGAGGCCTGG,GGCTGGGGTTTGGGGAGGCCCAG,1.0
GGCCAGGCTTTGGGGAGGCCTGG,GGTCAGGCTCCGGGGAGGCCGAG,1.0
GGCCAGGCTTTGGGGAGGCCTGG,GTTGAGGTTTTGGGGAGGCCCGG,1.0
GGCCAGGCTTTGGGGAGGCCTGG,TGCCAGGCTCTGGGGAGGCCAAG,1.0
GGCCCAGACTGAGCACGTGATGG,ATTCTAGACTGAGCACGTGCAAG,1.0
GGCCCAGACTGAGCACGTGATGG,GGCTCAGACTGAGCACCTGAGAG,1.0
GGGAAAGACCCAGCATCCGTGGG,TTATAAGACCCAGCATCCGTAAG,1.0
GGGTGGGGGGAGTTTGCTCCAGG,AGCTGGAGGGAGTTTGCCCCAGG,1.0
GGGTGGGGGGAGTTTGCTCCAGG,AGGGAGGAGGAATTTGCTCCAGG,1.0
GGGTGGGGGGAGTTTGCTCCAGG,GGGGGTGGGGAGCATGCTCCAGG,1.0
GGGTGGGGGGAGTTTGCTCCAGG,GGGTGGGTGGAGTTTGCTACTGG,1.0
GGGTGGGGGGAGTTTGCTCCAGG,TTGGGGGGGCAGTTTGCTCCTGG,1.0
GGGTGGGGGGAGTTTGCTCCTGG,CCCGGGGGGAAGCTTGCTCCAGG,1.0
GGGTGGGGGGAGTTTGCTCCTGG,CGGGGGAGGGAGTTTGCTCCTGG,1.0
GGGTGGGGGGAGTTTGCTCCTGG,GCGTGGGGGGTGTTTGCTCCCGG,1.0
GGGTGGGGGGAGTTTGCTCCTGG,GGATGGAGGGAGTTTGCTCCTGG,1.0
GGGTGGGGGGAGTTTGCTCCTGG,GGGAGGGTGGAGTTTGCTCCTGG,1.0
GGGTGGGGGGAGTTTGCTCCTGG,GGGGAGGGGAAGTTTGCTCCTGG,1.0
GGGTGGGGGGAGTTTGCTCCTGG,GGGTGGGGGGAGTTTGCCCCAGG,1.0
GGGTGGGGGGAGTTTGCTCCTGG,TAGTGGAGGGAGCTTGCTCCTGG,1.0
GGTCCTGCCGCTGCTTGTCATGG,CGTCCTGCCACTGCATGTCATGG,1.0
GGTCCTGCCGCTGCTTGTCATGG,GATCCTGCCGTTGCCTGTCATGG,1.0
GGTCCTGCCGCTGCTTGTCATGG,GGCCCTGCCGCTGCATGACATGG,1.0
GGTCCTGCCGCTGCTTGTCATGG,GGGCCTGCTGCTGCTGGTCAAGG,1.0
GGTCCTGCCGCTGCTTGTCATGG,GGTCCTCCCGCTGCTTCTCCGGG,1.0
GGTCCTGCCGCTGCTTGTCATGG,GGTCCTGCCGCTGCTCATCATGG,1.0
GGTCCTGCCGCTGCTTGTCATGG,GGTCCTGCTGCAGCTTCTCATGG,1.0
GGTCCTGCCGCTGCTTGTCATGG,GGTCCTGCTGCTGCTTGTCTGGG,1.0
GGTCCTGCCGCTGCTTGTCATGG,GGTCCTGGCGCTGCTTCTCCAGG,1.0
GGTCCTGCCGCTGCTTGTCATGG,GGTCCTGTCGCTGCTTGCCATGG,1.0
GGTCCTGCCGCTGCTTGTCATGG,GGTGCTGATGCTGCTTGTCAGGG,1.0
GGTCCTGCCGCTGCTTGTCATGG,GGTGCTGCTGCTGCTAGTCAGGG,1.0
GGTCCTGCCGCTGCTTGTCATGG,GTTCCTGCTGCTGCTTCTCAAGG,1.0
GGTGAGTGAGTGTGTGCGTGTGG,GATGTGTGAGTGTGTGCCTGTGG,1.0
GGTGAGTGAGTGTGTGCGTGTGG,GGTGTGTGAGTGTGTGCATTGGG,1.0
GGTGAGTGAGTGTGTGCGTGTGG,TGTGAGTGAGTGAGTGAATGTGG,1.0
GGTGAGTGAGTGTGTGCGTGTGG,TGTGTGAGTGAGTGTGTGTGTGG,1.0
GTCACCTCCAATGACTAGGGTGG,GCTACCTCCAGTGACTAGGGAAG,1.0
GTCACCTCCAATGACTAGGGTGG,GTCAACTCCAATGATTAGGACAG,1.0
GTCACCTCCAATGACTAGGGTGG,GTCAACTCCAATGGCTTGGGAGG,1.0
GTCACCTCCAATGACTAGGGTGG,GTCACCTCCACTTCCTAGGGCAG,1.0
GTCACCTCCAATGACTAGGGTGG,GTCACCTCCAGGGTCTAGGGCAG,1.0
GTCACCTCCAATGACTAGGGTGG,GTCACCTTAAATGACTTGGGAAG,1.0
GTCACCTCCAATGACTAGGGTGG,GTCACTTCCAAGGACTAGAGAAG,1.0
GTCACCTCCAATGACTAGGGTGG,TTCACCTCCAAAAACTAGGGAAG,1.0
GTCATCTTAGTCATTACCTGAGG,AATATGTTAGTCATTACCTGAGG,1.0
GTCATCTTAGTCATTACCTGAGG,GGTATCTAAGTCATTACCTGTGG,1.0
TGACATCAATTATTATACATCGG,TCACATCAATTATTATAGCTTGG,1.0
TGACATCAATTATTATACATCGG,TGAAATCAATTATCATAGATCGG,1.0
TGACATCAATTATTATACATCGG,TGAAATCAATTTTTATACTTGGG,1.0
TGACATCAATTATTATACATCGG,TGAAATGAATTATTAAACATTGG,1.0
TGACATCAATTATTATACATCGG,TGACATAAATTATTCTACATGGG,1.0
TGACATCAATTATTATACATCGG,TGACATAAATTATTTTACTTAGG,1.0
TGACATCAATTATTATACATCGG,TGACATCAAATATTACACAATGG,1.0
TGACATCAATTATTATACATCGG,TGACATCAATTAATTTTCATTGG,1.0
TGACATCAATTATTATACATCGG,TGACATCACTTATTATGCATGGG,1.0
TGACATCAATTATTATACATCGG,TGACTTCAATGATTATACAGTGG,1.0
TGACATCAATTATTATACATCGG,TGACTTCACTTATGATACATGGG,1.0
TGACATCAATTATTATACATCGG,TGTCACCAATTATTACACATTGG,1.0
TGACATCAATTATTATACATCGG,TTACATCAATTATGATACAGTGG,1.0
TGGATGGAGGAATGAGGAGTTGG,ACGATGGAGGAATGAGGACTTGG,1.0
TGGATGGAGGAATGAGGAGTTGG,AGGAGGGAGGAATGGGGAGTTGG,1.0
TGGATGGAGGAATGAGGAGTTGG,CGGACGGAGGAATGGGGAGTGGG,1.0
TGGATGGAGGAATGAGGAGTTGG,GAGGATGGGGAATGAGGAGTAGG,1.0
TGGATGGAGGAATGAGGAGTTGG,GCGATGGAGGAATGAAGAGTTGG,1.0
TGGATGGAGGAATGAGGAGTTGG,GGGAGGGAGGAATGAGGAGTGGG,1.0
TGGATGGAGGAATGAGGAGTTGG,GGGATGGAGGGATGAGGAGTGGG,1.0
TGGATGGAGGAATGAGGAGTTGG,TAGATGAAGGAATGAGGAGAAGG,1.0
TGGATGGAGGAATGAGGAGTTGG,TCCATGGAGGAATGAGGAGAGGG,1.0
TGGATGGAGGAATGAGGAGTTGG,TCTCAGGAGGAATGAGGAGTTGG,1.0
TGGATGGAGGAATGAGGAGTTGG,TGGATGGAAGAATGAGGGGTGGG,1.0
TGGATGGAGGAATGAGGAGTTGG,TGGATGGAGGGATGAGGAGTGGG,1.0
GAACACAAAGCATAGACTGCGGG,AAACATAAAGAATAGACTGCAAG,1.0
GAACACAAAGCATAGACTGCGGG,AAACATAAAGCATAGACTGCAAA,1.0
GAACACAAAGCATAGACTGCGGG,AAATACAATGCATAGACTGCTAG,1.0
GAACACAAAGCATAGACTGCGGG,AACAAGTATGCATAGACTGCTGG,1.0
GAACACAAAGCATAGACTGCGGG,AACTCCAAAGCATATACTGCTGG,1.0
GAACACAAAGCATAGACTGCGGG,ATACACAGAGCAAAGACTGCAGG,1.0
GAACACAAAGCATAGACTGCGGG,CAATACAAAGGATAGACTGCAGG,1.0
GAACACAAAGCATAGACTGCGGG,CCAAACAAAACATAGACTGCTGG,1.0
GAACACAAAGCATAGACTGCGGG,CCACACCAAGCATAGACTTCTGG,1.0
GAACACAAAGCATAGACTGCGGG,GAAAACAAAACATAGAGTGCTGG,1.0
GAACACAAAGCATAGACTGCGGG,GAACACAATGCATAGATTGCCGG,1.0
GAACACAAAGCATAGACTGCGGG,GAACACAGTACATAGACTGGCAG,1.0
GAACACAAAGCATAGACTGCGGG,GAATACTAAGCATAGACTCCAGG,1.0
GAACACAAAGCATAGACTGCGGG,GAATTCAAAGCATAGATTGCAGG,1.0
GAACACAAAGCATAGACTGCGGG,GAGCGATAAGCACAGACTGCTGG,1.0
GAACACAAAGCATAGACTGCGGG,GGAATCAAAGCACAGACTGCAGG,1.0
GAACACAAAGCATAGACTGCGGG,GTAAACAAAGCATAGACTGAGGG,1.0
GAACACAAAGCATAGACTGCGGG,GTAATTAAAGCACAGACTGCTGG,1.0
GAACACAAAGCATAGACTGCGGG,TCACACAAACCATAGACTGAGGG,1.0
GACCCCCTCCACCCCGCCTCCGG,AACACCCCCCACCCCACCCCGGG,1.0
GACCCCCTCCACCCCGCCTCCGG,AACACCCTCCACCCCACCACAGG,1.0
GACCCCCTCCACCCCGCCTCCGG,AACCACCCCCACCCCACCCCAGG,1.0
GACCCCCTCCACCCCGCCTCCGG,AACCCCACCCACCCCATCTCAGG,1.0
GACCCCCTCCACCCCGCCTCCGG,AACCCTCTCCACCCAGTCTCAGG,1.0
GACCCCCTCCACCCCGCCTCCGG,AACCTCCACCTCCCCGCCTCAGG,1.0
GACCCCCTCCACCCCGCCTCCGG,AACCTCCCCCACCCCACCCCAGG,1.0
GACCCCCTCCACCCCGCCTCCGG,AAGACCCCCCACCCCGCCCCAGG,1.0
GACCCCCTCCACCCCGCCTCCGG,AAGCCCCCCCACCCCGCCCCGGG,1.0
GACCCCCTCCACCCCGCCTCCGG,ACACCCCCCCACCCCACCCCAGG,1.0
GACCCCCTCCACCCCGCCTCCGG,ACACCCCCCCACCCCGCCTCAGG,1.0
GACCCCCTCCACCCCGCCTCCGG,ACCCCACCCCACCCCGTCTCCGG,1.0
GACCCCCTCCACCCCGCCTCCGG,ACCCCCCCCCCCCCCGCCCCCGG,1.0
GACCCCCTCCACCCCGCCTCCGG,ACTCCCCTCCACCCCACCTCTGA,1.0
GACCCCCTCCACCCCGCCTCCGG,ACTCCCCTCCACCCCGGCTCGGG,1.0
GACCCCCTCCACCCCGCCTCCGG,AGCCAACCCCACCCCGCCTCTGG,1.0
GACCCCCTCCACCCCGCCTCCGG,AGCCCCCACCTCCCCGCCTCGGG,1.0
GACCCCCTCCACCCCGCCTCCGG,AGCCCCCCCCACCCCGACTCAGG,1.0
GACCCCCTCCACCCCGCCTCCGG,AGCCCCCCCCTCCCCGCCCCAGG,1.0
GACCCCCTCCACCCCGCCTCCGG,AGCCGCCCCCACCCCGCCCCCGG,1.0
GACCCCCTCCACCCCGCCTCCGG,AGGCCCCCACACCCCGCCTCAGG,1.0
GACCCCCTCCACCCCGCCTCCGG,AGGCCCCCCCGCCCCGCCTCAGG,1.0
GACCCCCTCCACCCCGCCTCCGG,AGGCCCTCCCACCCCGCATCAGG,1.0
GACCCCCTCCACCCCGCCTCCGG,AGTAGCCCCCACCCCGCCTCGGG,1.0
GACCCCCTCCACCCCGCCTCCGG,AGTCCCATCCACCCCGCCTAAGG,1.0
GACCCCCTCCACCCCGCCTCCGG,ATCCCCCTCCACCCCACCCCTGG,1.0
GACCCCCTCCACCCCGCCTCCGG,ATCCCTCTCCACCCCACCCCAGG,1.0
GACCCCCTCCACCCCGCCTCCGG,ATGCCCCACCCCCCCGCCCCCGG,1.0
GACCCCCTCCACCCCGCCTCCGG,ATTCCCCCCCACCCCGCCTCAGG,1.0
GACCCCCTCCACCCCGCCTCCGG,CAACCCCCCCACCCCGCTTCAGG,1.0
GACCCCCTCCACCCCGCCTCCGG,CACACCCACCACCCCGCCTCAGA,1.0
GACCCCCTCCACCCCGCCTCCGG,CACCCACTACTCCCCGCCTCAGG,1.0
GACCCCCTCCACCCCGCCTCCGG,CACCCCCCCCCCCCCACCTCCGG,1.0
GACCCCCTCCACCCCGCCTCCGG,CACCCCCCCCCCCCCGCCCCCGG,1.0
GACCCCCTCCACCCCGCCTCCGG,CACCCCCCGCACCCCGCCCCAGG,1.0
GACCCCCTCCACCCCGCCTCCGG,CACCCCCTCCCCTCCGCCTCAGG,1.0
GACCCCCTCCACCCCGCCTCCGG,CACCCCGCCCACCCCGCCCCTGG,1.0
GACCCCCTCCACCCCGCCTCCGG,CACCTCCACAACTCCGCCTCTGG,1.0
GACCCCCTCCACCCCGCCTCCGG,CACTCCCCCCACCCCGCCCCAGG,1.0
GACCCCCTCCACCCCGCCTCCGG,CAGCCCCTCCACTCCACCCCCGG,1.0
GACCCCCTCCACCCCGCCTCCGG,CAGTCCCCCCACCCCACCTCTGG,1.0
GACCCCCTCCACCCCGCCTCCGG,CATACCCCCCACCCCGCCCCGGG,1.0
GACCCCCTCCACCCCGCCTCCGG,CATCCCCCCCACCCCACCCCGGG,1.0
GACCCCCTCCACCCCGCCTCCGG,CATCTTCCCCACCCCGCCTCTGG,1.0
GACCCCCTCCACCCCGCCTCCGG,CATTCCCCCCACCCCACCTCAGG,1.0
GACCCCCTCCACCCCGCCTCCGG,CCACCATCCCACCCCGCCTCTGG,1.0
GACCCCCTCCACCCCGCCTCCGG,CCACCCCCCCACCCCGCCCCAGG,1.0
GACCCCCTCCACCCCGCCTCCGG,CCACCCCCCCACCCCGCCCCTGG,1.0
GACCCCCTCCACCCCGCCTCCGG,CCACCCCTCCACCCCGTCCCAGG,1.0
GACCCCCTCCACCCCGCCTCCGG,CCCACACCCCACCCCACCTCCGG,1.0
GACCCCCTCCACCCCGCCTCCGG,CCCCACCCCCACCCCGCCCCCGG,1.0
GACCCCCTCCACCCCGCCTCCGG,CCCCACCCCCACCCCGCCTCAGG,1.0
GACCCCCTCCACCCCGCCTCCGG,CCCCCACCCCACCCCGCCTCCAG,1.0
GACCCCCTCCACCCCGCCTCCGG,CCCCCCCACCACCCCGCCCCGGG,1.0
GACCCCCTCCACCCCGCCTCCGG,CCCCCCCCCCACCCCGCCCCCGG,1.0
GACCCCCTCCACCCCGCCTCCGG,CCCCCCCCCCCCCCCGCCCCGGG,1.0
GACCCCCTCCACCCCGCCTCCGG,CCCCCCCCCCCCCCCGCCTCAGG,1.0
GACCCCCTCCACCCCGCCTCCGG,CCCCCCCCCCCCCCCGCCTCCGG,1.0
GACCCCCTCCACCCCGCCTCCGG,CCCCCCCCCCGCCCCGCCCCCCG,1.0
GACCCCCTCCACCCCGCCTCCGG,CCCCCCCCTCACCCCGCCCCTGG,1.0
GACCCCCTCCACCCCGCCTCCGG,CCCCCCCTCCACCCCACTTCAGG,1.0
GACCCCCTCCACCCCGCCTCCGG,CCCCCCTCCCACCCCGCCTCTAG,1.0
GACCCCCTCCACCCCGCCTCCGG,CCCCCTCCCCACCCCGCCGCAGG,1.0
GACCCCCTCCACCCCGCCTCCGG,CCCCCTCCCCGCCCCGCCCCCGG,1.0
GACCCCCTCCACCCCGCCTCCGG,CCGCCCCCCCACCCCAACTCCGG,1.0
GACCCCCTCCACCCCGCCTCCGG,CCGCCCCCCCATCCCGCCCCAGG,1.0
GACCCCCTCCACCCCGCCTCCGG,CCGCCCCTCCACCCCGCCACTGG,1.0
GACCCCCTCCACCCCGCCTCCGG,CCGCCCCTGCACCCAGCCTCCGG,1.0
GACCCCCTCCACCCCGCCTCCGG,CCTCACCCCCACCCCACCTCTGG,1.0
GACCCCCTCCACCCCGCCTCCGG,CCTCCCCCACACCCCGCATCCGG,1.0
GACCCCCTCCACCCCGCCTCCGG,CCTGCCCCCCACCCCGCCCCAGG,1.0
GACCCCCTCCACCCCGCCTCCGG,CGCCCACCCCACCCCACCTCAGG,1.0
GACCCCCTCCACCCCGCCTCCGG,CGCCCTCCCCACCCCGCCTCCGG,1.0
GACCCCCTCCACCCCGCCTCCGG,CGTCCCCCCCCCCCCGCCTCAGG,1.0
GACCCCCTCCACCCCGCCTCCGG,CTACCCCCACTCCCCGCCTCCGG,1.0
GACCCCCTCCACCCCGCCTCCGG,CTACCCCTCCACCCCGACTCGGA,1.0
GACCCCCTCCACCCCGCCTCCGG,CTACCCCTCCACCCCGCCTCCGG,1.0
GACCCCCTCCACCCCGCCTCCGG,CTCACCCCCCACCCCACCTCTGG,1.0
GACCCCCTCCACCCCGCCTCCGG,CTCCCCCCCCTCCCCGCCTCGGG,1.0
GACCCCCTCCACCCCGCCTCCGG,CTCCCCCGCCACCCCGCCCCAGG,1.0
GACCCCCTCCACCCCGCCTCCGG,CTCCCCCTACACCCCGCAACAGG,1.0
GACCCCCTCCACCCCGCCTCCGG,CTCCCCCTCCACCCCACCTCCAG,1.0
GACCCCCTCCACCCCGCCTCCGG,CTCCCTCCCCACCCCACCTCTGG,1.0
GACCCCCTCCACCCCGCCTCCGG,CTGCCCCCCCACCCCGCCACTGG,1.0
GACCCCCTCCACCCCGCCTCCGG,CTTCCCCCACACCCCGCCCCAGG,1.0
GACCCCCTCCACCCCGCCTCCGG,GACACACCCCACCCCACCTCAGG,1.0
GACCCCCTCCACCCCGCCTCCGG,GACACACCCCCCCCCGCCTCCGG,1.0
GACCCCCTCCACCCCGCCTCCGG,GACACCTTCCACCCCGTCTCTGG,1.0
GACCCCCTCCACCCCGCCTCCGG,GACCCCACCCACCCCGCCGCAGG,1.0
GACCCCCTCCACCCCGCCTCCGG,GACCCCACCTACCCCACCTCAGG,1.0
GACCCCCTCCACCCCGCCTCCGG,GACCCCCCCCACCCCACCCCAGG,1.0
GACCCCCTCCACCCCGCCTCCGG,GACCCCCCCCACCCCGCCCCCGG,1.0
GACCCCCTCCACCCCGCCTCCGG,GACCCCCTTCACCCCACCTATGG,1.0
GACCCCCTCCACCCCGCCTCCGG,GACCCCTACCACCCCATCTCAGG,1.0
GACCCCCTCCACCCCGCCTCCGG,GACCCCTCACACCCCGCCCCTGG,1.0
GACCCCCTCCACCCCGCCTCCGG,GACCCCTCCCACCCCGACTCCGG,1.0
GACCCCCTCCACCCCGCCTCCGG,GACCCTGTCCACCCCACCTCAGG,1.0
GACCCCCTCCACCCCGCCTCCGG,GAGCTCCCCCACCCCGCCCCGGG,1.0
GACCCCCTCCACCCCGCCTCCGG,GCCACCCACCACCCCACCTCAGG,1.0
GACCCCCTCCACCCCGCCTCCGG,GCCACCCCCCACCCCACCCCAGG,1.0
GACCCCCTCCACCCCGCCTCCGG,GCCAGCCCTCACCCCGCCTCGGG,1.0
GACCCCCTCCACCCCGCCTCCGG,GCCCCCACCCACCCCGCCTCTGG,1.0
GACCCCCTCCACCCCGCCTCCGG,GCCCCCCACCACCCCACCCCCGG,1.0
GACCCCCTCCACCCCGCCTCCGG,GCCCCCCACCACCCCACCTCGGG,1.0
GACCCCCTCCACCCCGCCTCCGG,GCCCCCCCCAACCCCGCCCCCGG,1.0
GACCCCCTCCACCCCGCCTCCGG,GCCGCCCCCCACTCCGCCTCCGG,1.0
GACCCCCTCCACCCCGCCTCCGG,GCCTCCCCCCACCCAGCCTCGGG,1.0
GACCCCCTCCACCCCGCCTCCGG,GCTGTCTCCCACCCCGCCTCAGG,1.0
GACCCCCTCCACCCCGCCTCCGG,GCTTCCCTCCACCCCGCATCCGG,1.0
GACCCCCTCCACCCCGCCTCCGG,GGCCCACTCCACTCCGTCTCCGG,1.0
GACCCCCTCCACCCCGCCTCCGG,GGCCCCACCCACCCCGCCTTCTG,1.0
GACCCCCTCCACCCCGCCTCCGG,GGCCCTCTCCACTCCACCTCAGG,1.0
GACCCCCTCCACCCCGCCTCCGG,GGCTCACCCCACCCCACCTCTGG,1.0
GACCCCCTCCACCCCGCCTCCGG,GGCTCCCTCCGCCCCGCCCCGGG,1.0
GACCCCCTCCACCCCGCCTCCGG,GGGCCCCTCCACCCCGCCTCTGG,1.0
GACCCCCTCCACCCCGCCTCCGG,GGGCCCTCCCACCTCGCCCCTGG,1.0
GACCCCCTCCACCCCGCCTCCGG,GTACCCCACCACCCCGCCCCAGG,1.0
GACCCCCTCCACCCCGCCTCCGG,GTCACTCCCCACCCCGCCTCTGG,1.0
GACCCCCTCCACCCCGCCTCCGG,GTCCCCCTCCTCCCCACCTCCGG,1.0
GACCCCCTCCACCCCGCCTCCGG,GTCCCCTCCCACCCCGCCTCCAG,1.0
GACCCCCTCCACCCCGCCTCCGG,GTCCCCTCCCTCCCCGCCTCTGG,1.0
GACCCCCTCCACCCCGCCTCCGG,GTCCCTCCCCACCCCGCCTTGGG,1.0
GACCCCCTCCACCCCGCCTCCGG,GTCCTCCACCACCCCGCCTCTGG,1.0
GACCCCCTCCACCCCGCCTCCGG,TAAATCCTCCACCCCACCTCAGG,1.0
GACCCCCTCCACCCCGCCTCCGG,TACCCCCCACACCCCGCCTCTGG,1.0
GACCCCCTCCACCCCGCCTCCGG,TACCCCCCCCACCCCGCCACAGG,1.0
GACCCCCTCCACCCCGCCTCCGG,TACTCCCCCCACCCAGCCTCAGG,1.0
GACCCCCTCCACCCCGCCTCCGG,TAGCCCCTCCACCCCACCACAGG,1.0
GACCCCCTCCACCCCGCCTCCGG,TATCCTCCCCACCCCGCCCCGGG,1.0
GACCCCCTCCACCCCGCCTCCGG,TCCACCCCCCACCCCGCCCCGGG,1.0
GACCCCCTCCACCCCGCCTCCGG,TCCCACCCCCACCCCGCCACGGG,1.0
GACCCCCTCCACCCCGCCTCCGG,TCCCCACCCCGCCCCGCCTCTGG,1.0
GACCCCCTCCACCCCGCCTCCGG,TCCCCCCACCACCCCACCCCCGG,1.0
GACCCCCTCCACCCCGCCTCCGG,TCCCCCCTCCACCCCCGCCCCCG,1.0
GACCCCCTCCACCCCGCCTCCGG,TCCGCCCCCCACCCCACCTCCGG,1.0
GACCCCCTCCACCCCGCCTCCGG,TCCTCCTTCCACTCCGCCTCTGG,1.0
GACCCCCTCCACCCCGCCTCCGG,TCTCCCCTCCACCCCGCCCTCGG,1.0
GACCCCCTCCACCCCGCCTCCGG,TGCACCCCCCACCCCGCCCCTGG,1.0
GACCCCCTCCACCCCGCCTCCGG,TGCCCCCCCCACCCCACCTCTGG,1.0
GACCCCCTCCACCCCGCCTCCGG,TGCCCCCCCCACCCCGCCCCCGG,1.0
GACCCCCTCCACCCCGCCTCCGG,TGCCCCCTCCACCCCACCTCTGA,1.0
GACCCCCTCCACCCCGCCTCCGG,TGCCCCTCCCACCCCGCCTCTGG,1.0
GACCCCCTCCACCCCGCCTCCGG,TGGCCCCTCCGCCCCACCTCTGG,1.0
GACCCCCTCCACCCCGCCTCCGG,TTCCCCCCCAACCCCACCTCGGG,1.0
GACCCCCTCCACCCCGCCTCCGG,TTCCCCTTCCACCCAGCCTCTGG,1.0
GACCCCCTCCACCCCGCCTCCGG,TTCTCCCTCCTCCCCGCCTCGGG,1.0
GACCCCCTCCACCCCGCCTCCGG,TTTCCCCCCCACCCCAACTCAGG,1.0
GAGTCCGAGCAGAAGAAGAAGGG,AAATCCAACCAGAAGAAGAAAGG,1.0
GAGTCCGAGCAGAAGAAGAAGGG,AAGCCCAAGCAAATGAAGAATGG,1.0
GAGTCCGAGCAGAAGAAGAAGGG,AAGCCCGAGCAAAGGAAGAAAGG,1.0
GAGTCCGAGCAGAAGAAGAAGGG,AAGTCAGAGCAGAAAAAGAGAGG,1.0
GAGTCCGAGCAGAAGAAGAAGGG,AAGTCCAAAAAGAAGAAAAAAGG,1.0
GAGTCCGAGCAGAAGAAGAAGGG,AAGTCCAGACAGAAGAAGAAGGA,1.0
GAGTCCGAGCAGAAGAAGAAGGG,AAGTCCATGCAGAAGAGGAAGGG,1.0
GAGTCCGAGCAGAAGAAGAAGGG,AAGTCCCAGAAGAAGAAATATGG,1.0
GAGTCCGAGCAGAAGAAGAAGGG,AAGTCCCGGCAGAGGAAGAAGGG,1.0
GAGTCCGAGCAGAAGAAGAAGGG,AAGTCCGGGCAAAAGAGGAAAGG,1.0
GAGTCCGAGCAGAAGAAGAAGGG,AAGTCTGAGAAGAAGAAGAAAGA,1.0
GAGTCCGAGCAGAAGAAGAAGGG,AAGTCTGAGAAGAAGAAGACATG,1.0
GAGTCCGAGCAGAAGAAGAAGGG,AAGTCTGAGCACAAGAAGAATGG,1.0
GAGTCCGAGCAGAAGAAGAAGGG,AGGTCAGAGCAGAAGAAAAGAGG,1.0
GAGTCCGAGCAGAAGAAGAAGGG,AGTTCCAAGCAGAAGAAGCATGG,1.0
GAGTCCGAGCAGAAGAAGAAGGG,AGTTCCAAGCAGAGGAAGAAGGG,1.0
GAGTCCGAGCAGAAGAAGAAGGG,ATGTCCAAGCACAAGAGGAATGG,1.0
GAGTCCGAGCAGAAGAAGAAGGG,ATGTCCAAGCAGAAGAAGTCTGG,1.0
GAGTCCGAGCAGAAGAAGAAGGG,CACTCCAAGTAGAAGAAGAAAAG,1.0
GAGTCCGAGCAGAAGAAGAAGGG,CAGTCCAAACAGAAGAGGAATGG,1.0
GAGTCCGAGCAGAAGAAGAAGGG,CAGTCTGAGTAGAAGAAAAAGGG,1.0
GAGTCCGAGCAGAAGAAGAAGGG,CCCTCCAAGCAGAAGAAGATGAG,1.0
GAGTCCGAGCAGAAGAAGAAGGG,CGCTCCGAGCAGAAGAAAAGTGG,1.0
GAGTCCGAGCAGAAGAAGAAGGG,GAAGTAGAGCAGAAGAAGAAGCG,1.0
GAGTCCGAGCAGAAGAAGAAGGG,GAATCAGAGCAAAAGGAGAAAGG,1.0
GAGTCCGAGCAGAAGAAGAAGGG,GAATCCAAGCAGGAGAAGAAGGA,1.0
GAGTCCGAGCAGAAGAAGAAGGG,GAGAGAGAGCAGAAGAAGTAGAG,1.0
GAGTCCGAGCAGAAGAAGAAGGG,GAGCACGAGCAAGAGAAGAAGGG,1.0
GAGTCCGAGCAGAAGAAGAAGGG,GAGCCCAAGAAGAAGAAGAAGGA,1.0
GAGTCCGAGCAGAAGAAGAAGGG,GAGCCCAAGCACAAAAAGAATGG,1.0
GAGTCCGAGCAGAAGAAGAAGGG,GAGCCGGAGCAGAAGAAGGAGGG,1.0
GAGTCCGAGCAGAAGAAGAAGGG,GAGCCTGAGCGGAAGAGGAAAGG,1.0
GAGTCCGAGCAGAAGAAGAAGGG,GAGGCAGAGAGAAAGAAGAAAGG,1.0
GAGTCCGAGCAGAAGAAGAAGGG,GAGGCCAAGCAGAAAAAAAATGG,1.0
GAGTCCGAGCAGAAGAAGAAGGG,GAGGCCAAGCAGAAAGAAAAAGG,1.0
GAGTCCGAGCAGAAGAAGAAGGG,GAGGTAGAGCAGAAGAAGAAGCG,1.0
GAGTCCGAGCAGAAGAAGAAGGG,GAGTACAAGCAGATGAAAAACGG,1.0
GAGTCCGAGCAGAAGAAGAAGGG,GAGTAGGAGCAGGAGAAGAAGGA,1.0
GAGTCCGAGCAGAAGAAGAAGGG,GAGTCAGAGCAAAAGAAGTAGTG,1.0
GAGTCCGAGCAGAAGAAGAAGGG,GAGTCCGGGAAGGAGAAGAAAGG,1.0
GAGTCCGAGCAGAAGAAGAAGGG,GAGTCCTAGAAAAAGAAGAGAGG,1.0
GAGTCCGAGCAGAAGAAGAAGGG,GAGTCTAAGCAGGAGAATAAAGG,1.0
GAGTCCGAGCAGAAGAAGAAGGG,GAGTTAGAGCAGAAAAAAAATGG,1.0
GAGTCCGAGCAGAAGAAGAAGGG,GAGTTAGAGCAGAAGAAGAAAGG,1.0
GAGTCCGAGCAGAAGAAGAAGGG,GAGTTCAAGCAGAGAAGAAAGGG,1.0
GAGTCCGAGCAGAAGAAGAAGGG,TAATCCAATCAGAAGAAGAAGGG,1.0
GAGTCCGAGCAGAAGAAGAAGGG,TCATCCAAGCAGAAGAAGAAGAG,1.0
GAGTCCGAGCAGAAGAAGAAGGG,TTATCCGAGAAGAAGAAGTAAGG,1.0
GAGTCCGAGCAGAAGAAGAAGGG,TTCTCCAAGCAGAAGAAGAAGAG,1.0
GGAATCCCTTCTGCAGCACCTGG,AAAATACCTTCTGCAGTACCAGG,1.0
GGAATCCCTTCTGCAGCACCTGG,AAAATCCCTTCCGCAGCACCTAG,1.0
GGAATCCCTTCTGCAGCACCTGG,AATATTCCCTCTGCAGCACCAGG,1.0
GGAATCCCTTCTGCAGCACCTGG,ACACTCCCTTCTGCAGCACCATG,1.0
GGAATCCCTTCTGCAGCACCTGG,ACCATCCCTCCTGCAGCACCAGG,1.0
GGAATCCCTTCTGCAGCACCTGG,ACTTTATCTTCTGCAGCACCTGG,1.0
GGAATCCCTTCTGCAGCACCTGG,AGAGGCCCCTCTGCAGCACCAGG,1.0
GGAATCCCTTCTGCAGCACCTGG,AGGGTCCCTTCTGCAGCCCCTGG,1.0
GGAATCCCTTCTGCAGCACCTGG,AGTTCCCCATCTGCAGCACCAGG,1.0
GGAATCCCTTCTGCAGCACCTGG,CCACTCCTTTCTGCAGCACCCGG,1.0
GGAATCCCTTCTGCAGCACCTGG,CTCATCCCTTCTGCAGCCCCAGG,1.0
GGAATCCCTTCTGCAGCACCTGG,CTCCTCCCTCCTGCAGCACCTGG,1.0
GGAATCCCTTCTGCAGCACCTGG,GGAACCCCCTCTGCAGCTTCTGG,1.0
GGAATCCCTTCTGCAGCACCTGG,GGAACCCCGTCTGCAGCACCAGG,1.0
GGAATCCCTTCTGCAGCACCTGG,GGAATATCTTCTGCAGCCCCAGG,1.0
GGAATCCCTTCTGCAGCACCTGG,GGAGTCCCTCCTACAGCACCAGG,1.0
GGAATCCCTTCTGCAGCACCTGG,GGAGTCCCTCCTGCAGCACCTGA,1.0
GGAATCCCTTCTGCAGCACCTGG,GGATTGCCATCCGCAGCACCTGG,1.0
GGAATCCCTTCTGCAGCACCTGG,GGCTTCCCTTCTGCAGCCCCAGG,1.0
GGAATCCCTTCTGCAGCACCTGG,GGGAGTCCATCTGCAGCACCAGG,1.0
GGAATCCCTTCTGCAGCACCTGG,GGGTCCGCTTCTGCAGCACCTGG,1.0
GGAATCCCTTCTGCAGCACCTGG,GTCTCCCCTTCTGCAGCACCAGG,1.0
GGAATCCCTTCTGCAGCACCTGG,TGAATCCCATCTCCAGCACCAGG,1.0
GGAATCCCTTCTGCAGCACCTGG,TGAATCCTAACTGCAGCACCAGG,1.0
GGCACTGCGGCTGGAGGTGGGGG,AACACTGTGGCCGGGGGTGGTGG,1.0
GGCACTGCGGCTGGAGGTGGGGG,AGAACTGCTGCTGGAGGTGGTGG,1.0
GGCACTGCGGCTGGAGGTGGGGG,AGCACAGCAGCTGCAGGTGGGGG,1.0
GGCACTGCGGCTGGAGGTGGGGG,AGCACAGCGACTGAAGGTGAGGG,1.0
GGCACTGCGGCTGGAGGTGGGGG,AGCACAGCGGCTGGAGAAGGCAG,1.0
GGCACTGCGGCTGGAGGTGGGGG,AGCACCATGGCTAGAGGTGTGGG,1.0
GGCACTGCGGCTGGAGGTGGGGG,AGCACCGCTGCTGGGGGCGGGGG,1.0
GGCACTGCGGCTGGAGGTGGGGG,AGCACGGCAGCTGGAGGAGGGGG,1.0
GGCACTGCGGCTGGAGGTGGGGG,AGCACTGCAGATGGAGGAGGCGG,1.0
GGCACTGCGGCTGGAGGTGGGGG,AGCACTGCAGCGGGAGGTGAGAG,1.0
GGCACTGCGGCTGGAGGTGGGGG,AGCACTGCAGCTGGGAGTGGAGG,1.0
GGCACTGCGGCTGGAGGTGGGGG,AGCACTGCGCTTGGGGGTGGGGG,1.0
GGCACTGCGGCTGGAGGTGGGGG,AGCACTGGGGATGGAGGTGTAGG,1.0
GGCACTGCGGCTGGAGGTGGGGG,AGCACTGGGGCCAGAGGTGAGGG,1.0
GGCACTGCGGCTGGAGGTGGGGG,AGCACTGGGGCTGGGGGAGGGGG,1.0
GGCACTGCGGCTGGAGGTGGGGG,AGCACTGTAGCAAGAGGTGGAGG,1.0
GGCACTGCGGCTGGAGGTGGGGG,AGCACTGTGCCTGGGGGTGGGGG,1.0
GGCACTGCGGCTGGAGGTGGGGG,AGCACTGTGGCTGGGGGAGGCGG,1.0
GGCACTGCGGCTGGAGGTGGGGG,AGCACTGTGGCTGGGGGAGGGGG,1.0
GGCACTGCGGCTGGAGGTGGGGG,AGCACTGTTACAGGAGGTGGGGG,1.0
GGCACTGCGGCTGGAGGTGGGGG,AGCAGTGCGGCTAGAGGTGGTGG,1.0
GGCACTGCGGCTGGAGGTGGGGG,AGCTCTGTGGCTGGAGGTGTGAG,1.0
GGCACTGCGGCTGGAGGTGGGGG,AGGACTGCGGCTGGGGGTGGTGG,1.0
GGCACTGCGGCTGGAGGTGGGGG,CACACTGCAGCTGGAGGTGGTGG,1.0
GGCACTGCGGCTGGAGGTGGGGG,CAGACTGCGGCAGGGGGTGGCGG,1.0
GGCACTGCGGCTGGAGGTGGGGG,CCCACTGCGGGTGGAGGTGGAAG,1.0
GGCACTGCGGCTGGAGGTGGGGG,CCCACTGGGGCTGGAGGTGGGGG,1.0
GGCACTGCGGCTGGAGGTGGGGG,CCCACTGTGGCTGGAGGTGTGGG,1.0
GGCACTGCGGCTGGAGGTGGGGG,CGCACTGGGGCTGCAGGTGGAGG,1.0
GGCACTGCGGCTGGAGGTGGGGG,GACACAACGGCAGGAGGTGGCGG,1.0
GGCACTGCGGCTGGAGGTGGGGG,GACACAGTGGCTGGAGGTGTGGG,1.0
GGCACTGCGGCTGGAGGTGGGGG,GACACCACGGCTGGAGATGGTGG,1.0
GGCACTGCGGCTGGAGGTGGGGG,GACACCGTGACTGGAGGTGGAGG,1.0
GGCACTGCGGCTGGAGGTGGGGG,GACACTAAGGCTGGAGGTGGGGA,1.0
GGCACTGCGGCTGGAGGTGGGGG,GACACTAGGGCAGGAGGTGGAGG,1.0
GGCACTGCGGCTGGAGGTGGGGG,GACACTGAGGCAGGAGGTGGGGG,1.0
GGCACTGCGGCTGGAGGTGGGGG,GACACTGCAGCTGGAGGTGGGGT,1.0
GGCACTGCGGCTGGAGGTGGGGG,GACACTGCCTCTGGGGGTGGGGG,1.0
GGCACTGCGGCTGGAGGTGGGGG,GACACTGTGGCTGGAAGTGGAAG,1.0
GGCACTGCGGCTGGAGGTGGGGG,GAGGCTGCGGCTGGGGGTGGAGG,1.0
GGCACTGCGGCTGGAGGTGGGGG,GCACCTGCGGCTGGAGGTGGCAG,1.0
GGCACTGCGGCTGGAGGTGGGGG,GCCACAGCGGCCGGAGGTGGCAG,1.0
GGCACTGCGGCTGGAGGTGGGGG,GCCACCGCGGCAGGAGGCGGAGG,1.0
GGCACTGCGGCTGGAGGTGGGGG,GCCACTGAGGCCGGAGGTGGAGA,1.0
GGCACTGCGGCTGGAGGTGGGGG,GCCACTGCAGCTAGAGGTGGAGG,1.0
GGCACTGCGGCTGGAGGTGGGGG,GCCACTGCGACTGGAGGAGGGGG,1.0
GGCACTGCGGCTGGAGGTGGGGG,GCCACTGGGCCTGGGGGTGGGGG,1.0
GGCACTGCGGCTGGAGGTGGGGG,GCCACTGGGGCTGGAGGGGGAGG,1.0
GGCACTGCGGCTGGAGGTGGGGG,GCCACTGGGGCTGGGGGTGGGGG,1.0
GGCACTGCGGCTGGAGGTGGGGG,GCCACTGTGGCTGGAGGTGGGGA,1.0
GGCACTGCGGCTGGAGGTGGGGG,GCTGCTGCGGCTGGAGGTGGGGA,1.0
GGCACTGCGGCTGGAGGTGGGGG,GGAACGGCGGCCGGAGGTGTAGG,1.0
GGCACTGCGGCTGGAGGTGGGGG,GGAACTGTGGCTGGAGGTGGCAG,1.0
GGCACTGCGGCTGGAGGTGGGGG,GGAAGTGCGGCAGGAGGTGGAGG,1.0
GGCACTGCGGCTGGAGGTGGGGG,GGCAATGCGGCTGGAGGCGGAGG,1.0
GGCACTGCGGCTGGAGGTGGGGG,GGCAATGTGGCTGAAGGTGGGGG,1.0
GGCACTGCGGCTGGAGGTGGGGG,GGCACAATGGCTGGAGGTGAAGG,1.0
GGCACTGCGGCTGGAGGTGGGGG,GGCACAGCAGCTGGAGGTGCTGG,1.0
GGCACTGCGGCTGGAGGTGGGGG,GGCACAGCAGGTGGAGGTGGAGG,1.0
GGCACTGCGGCTGGAGGTGGGGG,GGCACAGGGGCTGAAGGTGATGG,1.0
GGCACTGCGGCTGGAGGTGGGGG,GGCACAGGGGCTGGAGGTGGGGC,1.0
GGCACTGCGGCTGGAGGTGGGGG,GGCACATGGGCTGGGGGTGGGGG,1.0
GGCACTGCGGCTGGAGGTGGGGG,GGCACCAGGCCTGGAGGTGTGGG,1.0
GGCACTGCGGCTGGAGGTGGGGG,GGCACCGAGGCCGGAGGTGCTGG,1.0
GGCACTGCGGCTGGAGGTGGGGG,GGCACCGCGGCCGGAGCTGTGGG,1.0
GGCACTGCGGCTGGAGGTGGGGG,GGCACCTTGGCTGAAGGTGGGGG,1.0
GGCACTGCGGCTGGAGGTGGGGG,GGCACGACGGCTGGAGGTGGGGG,1.0
GGCACTGCGGCTGGAGGTGGGGG,GGCACGCGGCTGGGAGGTGGAGG,1.0
GGCACTGCGGCTGGAGGTGGGGG,GGCACGGAGGCTGGAAGTGGGGG,1.0
GGCACTGCGGCTGGAGGTGGGGG,GGCACTACAGCTGGAGGTGGCAA,1.0
GGCACTGCGGCTGGAGGTGGGGG,GGCACTCTGGCTGGAGCTGGGGG,1.0
GGCACTGCGGCTGGAGGTGGGGG,GGCACTGAATCTGGAGGTGGGGG,1.0
GGCACTGCGGCTGGAGGTGGGGG,GGCACTGAGAAAGGAGGTGGAGG,1.0
GGCACTGCGGCTGGAGGTGGGGG,GGCACTGAGACCAGAGGTGGTGG,1.0
GGCACTGCGGCTGGAGGTGGGGG,GGCACTGAGACTGGGGGTGGGGG,1.0
GGCACTGCGGCTGGAGGTGGGGG,GGCACTGAGGCCGGAGGAGGAAG,1.0
GGCACTGCGGCTGGAGGTGGGGG,GGCACTGAGGCTGCAGGCGGCGG,1.0
GGCACTGCGGCTGGAGGTGGGGG,GGCACTGAGGGTGGAGGTGGGGG,1.0
GGCACTGCGGCTGGAGGTGGGGG,GGCACTGCAACTGGAAGTGATGG,1.0
GGCACTGCGGCTGGAGGTGGGGG,GGCACTGCAGACGGAGGTGTGGG,1.0
GGCACTGCGGCTGGAGGTGGGGG,GGCACTGCAGCAGGGGATGGGGG,1.0
GGCACTGCGGCTGGAGGTGGGGG,GGCACTGCAGCTGGCGGTGCTGG,1.0
GGCACTGCGGCTGGAGGTGGGGG,GGCACTGCCACTGGGGGTGAGGG,1.0
GGCACTGCGGCTGGAGGTGGGGG,GGCACTGCGGCCAGAGGGAGCGG,1.0
GGCACTGCGGCTGGAGGTGGGGG,GGCACTGCGGGAGGAGGTGGGCG,1.0
GGCACTGCGGCTGGAGGTGGGGG,GGCACTGCGGGTGGAGGCGGGGG,1.0
GGCACTGCGGCTGGAGGTGGGGG,GGCACTGCTGCTAGAGGTGCAGG,1.0
GGCACTGCGGCTGGAGGTGGGGG,GGCACTGCTGCTGGGGGTGGTGG,1.0
GGCACTGCGGCTGGAGGTGGGGG,GGCACTGGGAATGGAGGTTGGGG,1.0
GGCACTGCGGCTGGAGGTGGGGG,GGCACTGGGGAAGGAGGTGGAGG,1.0
GGCACTGCGGCTGGAGGTGGGGG,GGCACTGGGGCAGGAGATGGGGG,1.0
GGCACTGCGGCTGGAGGTGGGGG,GGCACTGGGGCAGGAGTTGGGGG,1.0
GGCACTGCGGCTGGAGGTGGGGG,GGCACTGGGGCTGGAGACGGGGG,1.0
GGCACTGCGGCTGGAGGTGGGGG,GGCACTGGGGCTGGGGGAGGGGG,1.0
GGCACTGCGGCTGGAGGTGGGGG,GGCACTGGGGCTGGGGGTGCAGG,1.0
GGCACTGCGGCTGGAGGTGGGGG,GGCACTGGGGTTGGAGGTGGGGG,1.0
GGCACTGCGGCTGGAGGTGGGGG,GGCACTGGGTCTGAAGGTGGAGG,1.0
GGCACTGCGGCTGGAGGTGGGGG,GGCACTGTGGCAAGAGGTGGGAG,1.0
GGCACTGCGGCTGGAGGTGGGGG,GGCACTGTGGCTGCAGGTGGAGG,1.0
GGCACTGCGGCTGGAGGTGGGGG,GGCACTGTTGCTGGAGGAGGCAG,1.0
GGCACTGCGGCTGGAGGTGGGGG,GGCACTTCGGTTGGGGGTGGGGG,1.0
GGCACTGCGGCTGGAGGTGGGGG,GGCAGGGCGGCTGGAGGAGGTGG,1.0
GGCACTGCGGCTGGAGGTGGGGG,GGCAGTCCGGATGGAGGTGGGGG,1.0
GGCACTGCGGCTGGAGGTGGGGG,GGCAGTGCGGCTGGAGCTGCGGG,1.0
GGCACTGCGGCTGGAGGTGGGGG,GGCATCACGGCTGGAGGTGGAGG,1.0
GGCACTGCGGCTGGAGGTGGGGG,GGCATGCGGCTGGGAGGTGGAGG,1.0
GGCACTGCGGCTGGAGGTGGGGG,GGCATTGCTGCTGGTGGTGGTGG,1.0
GGCACTGCGGCTGGAGGTGGGGG,GGCCCTGCAGCTGGAGATGGAAG,1.0
GGCACTGCGGCTGGAGGTGGGGG,GGCCCTGCAGCTGGAGGAGGAGA,1.0
GGCACTGCGGCTGGAGGTGGGGG,GGCCCTGCGGCCGGGGGTGGAGA,1.0
GGCACTGCGGCTGGAGGTGGGGG,GGCCCTGCGGCTGGAGATATGGG,1.0
GGCACTGCGGCTGGAGGTGGGGG,GGCCCTGGGGCTGGAGGTGTTGG,1.0
GGCACTGCGGCTGGAGGTGGGGG,GGCCCTTCGGCTGGAGGTGGCAG,1.0
GGCACTGCGGCTGGAGGTGGGGG,GGCGCAGCGGCTGGAGGAGGTGC,1.0
GGCACTGCGGCTGGAGGTGGGGG,GGCGCTGCGGCCCGAGGGGGTGG,1.0
GGCACTGCGGCTGGAGGTGGGGG,GGCGCTGCGGCCGGAGGTGGGGC,1.0
GGCACTGCGGCTGGAGGTGGGGG,GGCGCTGCGGCGGGAGGTGGAGG,1.0
GGCACTGCGGCTGGAGGTGGGGG,GGCGCTGCGGCTGGAGCCGGCGG,1.0
GGCACTGCGGCTGGAGGTGGGGG,GGCTCCGCAGCTGGAGGTGGGGG,1.0
GGCACTGCGGCTGGAGGTGGGGG,GGCTCTGAGGCCAGAGGTGGTGG,1.0
GGCACTGCGGCTGGAGGTGGGGG,GGCTCTGAGGCTGGTGGTGGGGG,1.0
GGCACTGCGGCTGGAGGTGGGGG,GGCTCTGCGGCTGGAGGGGGTGG,1.0
GGCACTGCGGCTGGAGGTGGGGG,GGCTCTGTGGCCGGAGGAGGCGG,1.0
GGCACTGCGGCTGGAGGTGGGGG,GGCTCTGTGGCTGGAGGAGGTGG,1.0
GGCACTGCGGCTGGAGGTGGGGG,GGCTCTTCGGCTGGAGGTAGCGG,1.0
GGCACTGCGGCTGGAGGTGGGGG,GGCTGTGCGGCCAGAGGTGGAGG,1.0
GGCACTGCGGCTGGAGGTGGGGG,GGGACTGCGGCTGGAGGTGGGAA,1.0
GGCACTGCGGCTGGAGGTGGGGG,GGGCATGCGGCTGGAAGTGGTGG,1.0
GGCACTGCGGCTGGAGGTGGGGG,GGGGCTGCGGCCGGAGGTGGTGG,1.0
GGCACTGCGGCTGGAGGTGGGGG,GGTACAGCGGCTGGGGGAGGCGG,1.0
GGCACTGCGGCTGGAGGTGGGGG,GGTACTCTGGCTGGAGGTGGTGG,1.0
GGCACTGCGGCTGGAGGTGGGGG,GTAACTGCGGCTGGCGGTGGTGG,1.0
GGCACTGCGGCTGGAGGTGGGGG,GTCACTGCAGCTGGAGGAGGGGG,1.0
GGCACTGCGGCTGGAGGTGGGGG,GTCACTGCGGCTGCAGATGGCGG,1.0
GGCACTGCGGCTGGAGGTGGGGG,TACACTGCGGCCGGGAGTGGTGG,1.0
GGCACTGCGGCTGGAGGTGGGGG,TGCACCGCGGCTGGGGCTGGAGG,1.0
GGCACTGCGGCTGGAGGTGGGGG,TGCACTGCAGCTGCAGGTGGAGG,1.0
GGCACTGCGGCTGGAGGTGGGGG,TGCACTGCGGCCGGAGGAGGTGG,1.0
GGCACTGCGGCTGGAGGTGGGGG,TGCACTGTGGCTGGAGATGGGGG,1.0
GGCACTGCGGCTGGAGGTGGGGG,TGCTCTGCGGCAGGAGGAGGAGG,1.0
GGCACTGCGGCTGGAGGTGGGGG,TGGACTGCGGCTGGAGAGGGAGG,1.0
GGCACTGCGGCTGGAGGTGGGGG,TTCACTGTGGCTGGAGGTGGGGA,1.0
GGCCCAGACTGAGCACGTGATGG,AAATAAGACTGAGCACGTGGTGG,1.0
GGCCCAGACTGAGCACGTGATGG,AACAAAGACTGAGCACGTTAGGG,1.0
GGCCCAGACTGAGCACGTGATGG,ACTCCAGACTGAGCAACTGAGGG,1.0
GGCCCAGACTGAGCACGTGATGG,AGACCAGACTGAGCAAGAGAGGG,1.0
GGCCCAGACTGAGCACGTGATGG,AGCTCAGACTGAGCAAGTGAGGG,1.0
GGCCCAGACTGAGCACGTGATGG,CACCCAGACTGAGCACGTGCTGG,1.0
GGCCCAGACTGAGCACGTGATGG,CAGCCAGACAGAGCACGTGGAGG,1.0
GGCCCAGACTGAGCACGTGATGG,CCCATGGACTGAGCACATGAAGG,1.0
GGCCCAGACTGAGCACGTGATGG,CCTAAAGACTGAGCAAGTGAAGG,1.0
GGCCCAGACTGAGCACGTGATGG,CTCGGAGACTGACCACGTGAGGG,1.0
GGCCCAGACTGAGCACGTGATGG,GAAGGAGACTGAGCATGTGAGGG,1.0
GGCCCAGACTGAGCACGTGATGG,GACACAGACCGGGCACGTGAGGG,1.0
GGCCCAGACTGAGCACGTGATGG,GACCCAGAATGAGCACAAAAGGG,1.0
GGCCCAGACTGAGCACGTGATGG,GAGCCAGAATGAGCACGTGAGGG,1.0
GGCCCAGACTGAGCACGTGATGG,GGCGCAGACAGAGCACGTGACGA,1.0
GGCCCAGACTGAGCACGTGATGG,TCTCCAGACTGAGCCCATGAGGG,1.0
GGCCCAGACTGAGCACGTGATGG,TTCCCAGACAAAGCACGCGAAGG,1.0
GGGAAAGACCCAGCATCCGTGGG,ATGAAAGACCCAGCATCCATTGA,1.0
GGGAAAGACCCAGCATCCGTGGG,CAAGAAGACCCAGCTTCCGTAGG,1.0
GGGAAAGACCCAGCATCCGTGGG,GAGAAAAGCCCAGCATCCTTAGG,1.0
GGGAAAGACCCAGCATCCGTGGG,GGAAAAGACCAAGCATCAGTGGG,1.0
GGGAAAGACCCAGCATCCGTGGG,GGAAAGTACACAGCATCCATCGG,1.0
GGGAAAGACCCAGCATCCGTGGG,GGAGAAAGACCAGCATCCATAGG,1.0
GGGAAAGACCCAGCATCCGTGGG,GGGAAAAGCCCAGCATCCCTTGG,1.0
GGGAAAGACCCAGCATCCGTGGG,GGGAAAGTCCCAGCATCCTTTGG,1.0
GGGAAAGACCCAGCATCCGTGGG,GGGAAATACCCAGCATCCAATGG,1.0
GGGAAAGACCCAGCATCCGTGGG,GGGAAATCCCCAGCATCTCTAGG,1.0
GGGAAAGACCCAGCATCCGTGGG,GGGAAGGACCCAGCATCCTGGGG,1.0
GGGAAAGACCCAGCATCCGTGGG,GGGAAGGACCCAGCATTCCTGGG,1.0
GGGAAAGACCCAGCATCCGTGGG,GGGAATACACCAGCATCCGTAGA,1.0
GGGAAAGACCCAGCATCCGTGGG,GGGGAAGACCCAGCACCCTTGGG,1.0
GGGAAAGACCCAGCATCCGTGGG,TGGAAAGAAACAGCATCCGTACG,1.0
GGGTGGGGGGAGTTTGCTCCAGG,AGGAAGGAGGAGTTAGCTCCTGG,1.0
GGGTGGGGGGAGTTTGCTCCAGG,AGGTGGTGGGAGCTTGTTCCTGG,1.0
GGGTGGGGGGAGTTTGCTCCAGG,CGGGGGAGGGAGTTTGCTCCTGG,1.0
GGGTGGGGGGAGTTTGCTCCAGG,CTGGTGGGGGAGCTTGCTCCAGG,1.0
GGGTGGGGGGAGTTTGCTCCAGG,GAGGGGGAGCAGTTTGCTCCAGG,1.0
GGGTGGGGGGAGTTTGCTCCAGG,GAGGGTGGGGAGTTTACTCCTGG,1.0
GGGTGGGGGGAGTTTGCTCCAGG,GAGTGGGTGGAGTTTGCTACAGG,1.0
GGGTGGGGGGAGTTTGCTCCAGG,GCGTGGGGGGTGTTTGCTCCCGG,1.0
GGGTGGGGGGAGTTTGCTCCAGG,GGAGGAGGGGAGTCTGCTCCAGG,1.0
GGGTGGGGGGAGTTTGCTCCAGG,GGATGGAGGGAGTTTGCTCCTGG,1.0
GGGTGGGGGGAGTTTGCTCCAGG,GGGAGGGTGGAGTTTGCTCCTGG,1.0
GGGTGGGGGGAGTTTGCTCCAGG,GGGCAAGGGGAGGTTGCTCCTGG,1.0
GGGTGGGGGGAGTTTGCTCCAGG,GGGGAGGGGAAGTTTGCTCCTGG,1.0
GGGTGGGGGGAGTTTGCTCCAGG,GGGTGGGGGGAGTTTGCCCCAGG,1.0
GGGTGGGGGGAGTTTGCTCCAGG,GGTGGGGGAGAGCTAGCTCCGGG,1.0
GGGTGGGGGGAGTTTGCTCCAGG,GGTGGGGGTGGGTTTGCTCCTGG,1.0
GGGTGGGGGGAGTTTGCTCCAGG,GGTTGAGGGGAGTCTGCTCCAGG,1.0
GGGTGGGGGGAGTTTGCTCCAGG,GTGGGGGTAGAGTTTGCTCCAGG,1.0
GGGTGGGGGGAGTTTGCTCCAGG,TAGTGGAGGGAGCTTGCTCCTGG,1.0
GGGTGGGGGGAGTTTGCTCCTGG,AAATGGGGGGAGTTTGCCCCCCG,1.0
GGGTGGGGGGAGTTTGCTCCTGG,AAGTAAGGGAAGTTTGCTCCTGG,1.0
GGGTGGGGGGAGTTTGCTCCTGG,AAGTGGGAAGAGTTTGTTCCAGG,1.0
GGGTGGGGGGAGTTTGCTCCTGG,AAGTGGGAGGAGACTGCTCCAGG,1.0
GGGTGGGGGGAGTTTGCTCCTGG,AGCTGAGGGGAGCTTGCTCTGGG,1.0
GGGTGGGGGGAGTTTGCTCCTGG,AGCTGGAGGGAGTTTGCCCCAGG,1.0
GGGTGGGGGGAGTTTGCTCCTGG,AGGAAGGAGGAGTTAGCTCCTGG,1.0
GGGTGGGGGGAGTTTGCTCCTGG,AGGGAGGAGGAATTTGCTCCAGG,1.0
GGGTGGGGGGAGTTTGCTCCTGG,AGGTAGGAGAAGCTTGCTCCTGA,1.0
GGGTGGGGGGAGTTTGCTCCTGG,AGGTCGGGGGAGTTAGATCCCGG,1.0
GGGTGGGGGGAGTTTGCTCCTGG,AGGTGGTGGGAGCTTGTTCCTGG,1.0
GGGTGGGGGGAGTTTGCTCCTGG,CTGGTGGGGGAGCTTGCTCCAGG,1.0
GGGTGGGGGGAGTTTGCTCCTGG,GAGGGGGAGCAGTTTGCTCCAGG,1.0
GGGTGGGGGGAGTTTGCTCCTGG,GAGGGTGGGGAGTTTACTCCTGG,1.0
GGGTGGGGGGAGTTTGCTCCTGG,GAGTGGGTGGAGTTTGCTACAGG,1.0
GGGTGGGGGGAGTTTGCTCCTGG,GGAGGAGGGGAGTCTGCTCCAGG,1.0
GGGTGGGGGGAGTTTGCTCCTGG,GGGAGGGGAGAGTTTGTTCCAGG,1.0
GGGTGGGGGGAGTTTGCTCCTGG,GGGAGGGGGCAGGTTGCTCCAGG,1.0
GGGTGGGGGGAGTTTGCTCCTGG,GGGCAAGGGGAGGTTGCTCCTGG,1.0
GGGTGGGGGGAGTTTGCTCCTGG,GGGCAGAGGGAGTTAGCACCGGG,1.0
GGGTGGGGGGAGTTTGCTCCTGG,GGGGAGGGGGAGGGTGCTCCAGG,1.0
GGGTGGGGGGAGTTTGCTCCTGG,GGGGGTGGGGACTTTGCTCCAGG,1.0
GGGTGGGGGGAGTTTGCTCCTGG,GGGTGAGGGGAATAAACTCCAGG,1.0
GGGTGGGGGGAGTTTGCTCCTGG,GGGTGGGTGGAGTTTGCTACTGG,1.0
GGGTGGGGGGAGTTTGCTCCTGG,GGTGGGGGAGAGCTAGCTCCGGG,1.0
GGGTGGGGGGAGTTTGCTCCTGG,GGTGGGGGTGGGTTTGCTCCTGG,1.0
GGGTGGGGGGAGTTTGCTCCTGG,GGTTGAGGGGAGTCTGCTCCAGG,1.0
GGGTGGGGGGAGTTTGCTCCTGG,GTGGGGGTAGAGTTTGCTCCAGG,1.0
GGTGAGTGAGTGTGTGCGTGTGG,AATGAGTGAGTGTGTGTGTGTGA,1.0
GGTGAGTGAGTGTGTGCGTGTGG,ACTGTGTGAGTGTGTGCGTGAGG,1.0
GGTGAGTGAGTGTGTGCGTGTGG,AGAGAGTGAGTGTGTGCATGAGG,1.0
GGTGAGTGAGTGTGTGCGTGTGG,AGCGAGTGAGTGTGTGTGTGGGG,1.0
GGTGAGTGAGTGTGTGCGTGTGG,AGCGAGTGGGTGTGTGCGTGGGG,1.0
GGTGAGTGAGTGTGTGCGTGTGG,AGGGAGTGACTGTGTGCGTGTGG,1.0
GGTGAGTGAGTGTGTGCGTGTGG,AGGGAGTGAGTGTGAGAGTGCGG,1.0
GGTGAGTGAGTGTGTGCGTGTGG,AGTGAATGAGTGTGTGTGTGTGG,1.0
GGTGAGTGAGTGTGTGCGTGTGG,AGTGAGAAAGTGTGTGCATGCGG,1.0
GGTGAGTGAGTGTGTGCGTGTGG,AGTGAGTAAGTGAGTGAGTGAGG,1.0
GGTGAGTGAGTGTGTGCGTGTGG,AGTGAGTATGTGTGTGTGTGGGG,1.0
GGTGAGTGAGTGTGTGCGTGTGG,AGTGAGTGAGTGAGTGAGTGAGG,1.0
GGTGAGTGAGTGTGTGCGTGTGG,AGTGAGTGAGTGAGTGAGTGGGG,1.0
GGTGAGTGAGTGTGTGCGTGTGG,AGTGAGTGAGTGTGTGTGTGAGA,1.0
GGTGAGTGAGTGTGTGCGTGTGG,AGTGAGTGAGTGTGTGTGTGGGG,1.0
GGTGAGTGAGTGTGTGCGTGTGG,AGTGAGTGAGTGTGTGTGTGTGA,1.0
GGTGAGTGAGTGTGTGCGTGTGG,AGTGTGTGAGTGTGTGCGTGTGG,1.0
GGTGAGTGAGTGTGTGCGTGTGG,CATGAGTGAGTGTGTGGGTGGGG,1.0
GGTGAGTGAGTGTGTGCGTGTGG,CATGAGTGGGTGTGTGCGTGGAG,1.0
GGTGAGTGAGTGTGTGCGTGTGG,CGCGAGTGAGTGTGTGCGCGGGG,1.0
GGTGAGTGAGTGTGTGCGTGTGG,CGTGAGTGAGTGTGTACCTGGGG,1.0
GGTGAGTGAGTGTGTGCGTGTGG,CTGGAGTGAGTGTGTGTGTGTGG,1.0
GGTGAGTGAGTGTGTGCGTGTGG,GATGAGTGAGTGAGTGAGTGGGG,1.0
GGTGAGTGAGTGTGTGCGTGTGG,GATGAGTGTGTGTGTGTGTGAGG,1.0
GGTGAGTGAGTGTGTGCGTGTGG,GCTGAGTGAGTGTATGCGTGTGG,1.0
GGTGAGTGAGTGTGTGCGTGTGG,GGACTGTGAGTGTGTGCGTGAGG,1.0
GGTGAGTGAGTGTGTGCGTGTGG,GGAGAGTGAGTGTGTGTGTGAGA,1.0
GGTGAGTGAGTGTGTGCGTGTGG,GGGGGGTGAGTGTGTGTGTGGGG,1.0
GGTGAGTGAGTGTGTGCGTGTGG,GGTGAATGAGTGTGTGCTCTGGG,1.0
GGTGAGTGAGTGTGTGCGTGTGG,GGTGAGAGAGTGTGTGCACGGGG,1.0
GGTGAGTGAGTGTGTGCGTGTGG,GGTGAGAGAGTGTGTGCGTAGGA,1.0
GGTGAGTGAGTGTGTGCGTGTGG,GGTGAGCAAGTGTGTGTGTGTGG,1.0
GGTGAGTGAGTGTGTGCGTGTGG,GGTGAGTAAGTGTGAGCGTAAGG,1.0
GGTGAGTGAGTGTGTGCGTGTGG,GGTGAGTCAGTGTGTGAGTGAGG,1.0
GGTGAGTGAGTGTGTGCGTGTGG,GGTGAGTGAGTGAGTGAGTGAGG,1.0
GGTGAGTGAGTGTGTGCGTGTGG,GGTGAGTGAGTGCGTGCGGGTGG,1.0
GGTGAGTGAGTGTGTGCGTGTGG,GGTGAGTGAGTGTGTGTGTGAGG,1.0
GGTGAGTGAGTGTGTGCGTGTGG,GGTGAGTGTGTGTGTGAGTGTGG,1.0
GGTGAGTGAGTGTGTGCGTGTGG,GGTGAGTGTGTGTGTGCATGTGG,1.0
GGTGAGTGAGTGTGTGCGTGTGG,GGTGGATGACTGTGTGTGTGGGG,1.0
GGTGAGTGAGTGTGTGCGTGTGG,GGTGGATGAGTGTGTGTGTGGGG,1.0
GGTGAGTGAGTGTGTGCGTGTGG,GGTGTAGTGGTGTGTGCTTGTGG,1.0
GGTGAGTGAGTGTGTGCGTGTGG,GGTGTATGAGTGTGTGCGTCGGA,1.0
GGTGAGTGAGTGTGTGCGTGTGG,GGTGTATGAGTGTGTGTGTGAGG,1.0
GGTGAGTGAGTGTGTGCGTGTGG,GGTGTGTGAGTGTGTGTGTGTGG,1.0
GGTGAGTGAGTGTGTGCGTGTGG,GGTGTGTGTGTGTGTGTGTGTGG,1.0
GGTGAGTGAGTGTGTGCGTGTGG,GTAGAGTGAGTGTGTGTGTGTGG,1.0
GGTGAGTGAGTGTGTGCGTGTGG,GTTGAGTGAATGTGTGCGTGAGG,1.0
GGTGAGTGAGTGTGTGCGTGTGG,TGAGTGTGAGTGTGTGCGTGGGG,1.0
GGTGAGTGAGTGTGTGCGTGTGG,TGTGAGAGAGAGTGTGCGTGTGG,1.0
GGTGAGTGAGTGTGTGCGTGTGG,TGTGAGAGAGTGTGTGTGTGGAG,1.0
GGTGAGTGAGTGTGTGCGTGTGG,TGTGAGTAAGTGTGTGTGTGTGG,1.0
GGTGAGTGAGTGTGTGCGTGTGG,TGTGAGTGAATGTGTGTGTGTGG,1.0
GGTGAGTGAGTGTGTGCGTGTGG,TGTGAGTGAGTATGTACATGTGG,1.0
GGTGAGTGAGTGTGTGCGTGTGG,TGTGAGTGAGTGTGTGCATGTGA,1.0
GGTGAGTGAGTGTGTGCGTGTGG,TGTGAGTGAGTGTGTGCGTGTGA,1.0
GGTGAGTGAGTGTGTGCGTGTGG,TGTGAGTGAGTGTGTGTATGGGG,1.0
GGTGAGTGAGTGTGTGCGTGTGG,TGTGAGTGAGTGTGTGTGTGTGA,1.0
GGTGAGTGAGTGTGTGCGTGTGG,TGTGAGTGGGTGTGTGTGTGGGG,1.0
GGTGAGTGAGTGTGTGCGTGTGG,TGTGGGTGAGCATGTGCGTGAGG,1.0
GGTGAGTGAGTGTGTGCGTGTGG,TGTGGGTGAGTGTGTGCGTGAGA,1.0
GGTGAGTGAGTGTGTGCGTGTGG,TGTGGGTGAGTGTGTGCGTGAGG,1.0
GGTGAGTGAGTGTGTGCGTGTGG,TGTGGGTGAGTGTGTGTGTGTGG,1.0
GGTGAGTGAGTGTGTGCGTGTGG,TGTGTGTGAGTGTGTGCATGAGG,1.0
GTCATCTTAGTCATTACCTGAGG,ATCACCTTAGCCATTACCAGGGG,1.0
GTCATCTTAGTCATTACCTGAGG,ATTATTTTAGTCATTACCTTTGG,1.0
GTCATCTTAGTCATTACCTGAGG,GTAATATTAGTCATTACCGGTGG,1.0
